{
  "schema_version": 1,
  "model": "Johnson-Klugherz intraparticle nonisothermal coupling",
  "surface_temperature_K": 493.15,
  "alpha_values": [
    0.0,
    1.0,
    2.0,
    3.0,
    4.0
  ],
  "phi_values": [
    0.0,
    0.25,
    0.5,
    0.75,
    1.0,
    1.25,
    1.5,
    1.75,
    2.0,
    2.25,
    2.5,
    2.75,
    3.0,
    3.25,
    3.5,
    3.75,
    4.0,
    4.25,
    4.5,
    4.75,
    5.0
  ],
  "radial_grid": [
    0.0,
    0.005556,
    0.011111,
    0.016667,
    0.022222,
    0.027778,
    0.033333,
    0.038889,
    0.044444,
    0.05,
    0.055556,
    0.061111,
    0.066667,
    0.072222,
    0.077778,
    0.083333,
    0.088889,
    0.094444,
    0.1,
    0.105556,
    0.111111,
    0.116667,
    0.122222,
    0.127778,
    0.133333,
    0.138889,
    0.144444,
    0.15,
    0.155556,
    0.161111,
    0.166667,
    0.172222,
    0.177778,
    0.183333,
    0.188889,
    0.194444,
    0.2,
    0.205556,
    0.211111,
    0.216667,
    0.222222,
    0.227778,
    0.233333,
    0.238889,
    0.244444,
    0.25,
    0.255556,
    0.261111,
    0.266667,
    0.272222,
    0.277778,
    0.283333,
    0.288889,
    0.294444,
    0.3,
    0.305556,
    0.311111,
    0.316667,
    0.322222,
    0.327778,
    0.333333,
    0.338889,
    0.344444,
    0.35,
    0.355556,
    0.361111,
    0.366667,
    0.372222,
    0.377778,
    0.383333,
    0.388889,
    0.394444,
    0.4,
    0.405556,
    0.411111,
    0.416667,
    0.422222,
    0.427778,
    0.433333,
    0.438889,
    0.444444,
    0.45,
    0.455556,
    0.461111,
    0.466667,
    0.472222,
    0.477778,
    0.483333,
    0.488889,
    0.494444,
    0.5,
    0.505556,
    0.511111,
    0.516667,
    0.522222,
    0.527778,
    0.533333,
    0.538889,
    0.544444,
    0.55,
    0.555556,
    0.561111,
    0.566667,
    0.572222,
    0.577778,
    0.583333,
    0.588889,
    0.594444,
    0.6,
    0.605556,
    0.611111,
    0.616667,
    0.622222,
    0.627778,
    0.633333,
    0.638889,
    0.644444,
    0.65,
    0.655556,
    0.661111,
    0.666667,
    0.672222,
    0.677778,
    0.683333,
    0.688889,
    0.694444,
    0.7,
    0.705556,
    0.711111,
    0.716667,
    0.722222,
    0.727778,
    0.733333,
    0.738889,
    0.744444,
    0.75,
    0.755556,
    0.761111,
    0.766667,
    0.772222,
    0.777778,
    0.783333,
    0.788889,
    0.794444,
    0.8,
    0.805556,
    0.811111,
    0.816667,
    0.822222,
    0.827778,
    0.833333,
    0.838889,
    0.844444,
    0.85,
    0.855556,
    0.861111,
    0.866667,
    0.872222,
    0.877778,
    0.883333,
    0.888889,
    0.894444,
    0.9,
    0.905556,
    0.911111,
    0.916667,
    0.922222,
    0.927778,
    0.933333,
    0.938889,
    0.944444,
    0.95,
    0.955556,
    0.961111,
    0.966667,
    0.972222,
    0.977778,
    0.983333,
    0.988889,
    0.994444,
    1.0
  ],
  "files": [
    {
      "alpha": 0.0,
      "path": "cases/alpha_0p0.json"
    },
    {
      "alpha": 1.0,
      "path": "cases/alpha_1p0.json"
    },
    {
      "alpha": 2.0,
      "path": "cases/alpha_2p0.json"
    },
    {
      "alpha": 3.0,
      "path": "cases/alpha_3p0.json"
    },
    {
      "alpha": 4.0,
      "path": "cases/alpha_4p0.json"
    }
  ],
  "base_parameters": {
    "E1": 67000.0,
    "E2": 80000.0,
    "psi": 0.967,
    "beta_s": 0.153,
    "delta_H1": -106700.0,
    "delta_H2": -1323000.0,
    "phi_A": 3.0,
    "alpha": 3.0,
    "P_Es": 0.0792,
    "P_Os": 0.2376,
    "D_Ae": 7.2e-07,
    "D_Be": 7.2e-07,
    "gamma1": 21.9,
    "gamma2": 29.7
  }
}